file,model,scenario,seed,intention,profiles,project_ids,valid_initial_votes,valid_final_votes,initial_agreement,final_agreement,unique_initial_pairs,unique_final_pairs,changed_agents,initial_allocation,initial_feasible_aggregation,initial_normalized_welfare,final_allocation,feasible_aggregation,normalized_welfare,normalized_welfare_change,initial_min_utility,welfare,min_utility,min_utility_change,mean_initial_self_utility,mean_final_self_utility,mean_self_utility_change,mean_final_profile_adherence,non_discriminating_agents,out_of_catalog_reference_count,out_of_catalog_ids,matrix_index,scenario_type
Llama-3.1-8B-Instruct_v2_ERG_optimal_seed0.json,Llama-3.1-8B-Instruct,ERG_optimal,0,False,ecology+reputation+eco-growth,P20+P21+P25+P17+P18,3,3,partial_agreement,partial_agreement,2,2,2,P21+P25,True,1.0,P20+P25,True,1.0,0.0,6.0,7.333333333333333,6.0,0.0,7.333333333333333,7.333333333333333,0.0,0.7333333333333333,0,0,,0,optimal
Llama-3.1-8B-Instruct_v2_ERG_sub-optimal_seed0.json,Llama-3.1-8B-Instruct,ERG_sub-optimal,0,False,ecology+reputation+eco-growth,P16+P8+P14+P20+P21,3,3,partial_agreement,partial_agreement,2,2,2,P21+P20,True,1.0,P21+P20,True,1.0,0.0,6.0,7.333333333333333,6.0,0.0,8.666666666666666,7.333333333333333,-1.3333333333333333,0.7333333333333333,0,0,,1,sub-optimal
Llama-3.1-8B-Instruct_v2_ERG_impossible_seed0.json,Llama-3.1-8B-Instruct,ERG_impossible,0,False,ecology+reputation+eco-growth,P16+P8+P14+P17+P18,2,2,invalid_vote,invalid_vote,2,2,3,infeasible_vote,False,,infeasible_vote,False,,,,,,,6.0,6.0,0.0,0.9285714285714286,0,0,,2,impossible
Llama-3.1-8B-Instruct_v2_ERG_conflictual_seed0.json,Llama-3.1-8B-Instruct,ERG_conflictual,0,False,ecology+reputation+eco-growth,P16+P21+P8+P14+P17,3,3,non_agreement,non_agreement,3,3,3,infeasible_vote,False,,P16+P21,True,0.9473684210526316,,,6.0,2.0,,8.666666666666666,4.666666666666667,-4.0,0.5111111111111111,0,0,,3,conflictual
Llama-3.1-8B-Instruct_v2_ERG_coalition_seed0.json,Llama-3.1-8B-Instruct,ERG_coalition,0,False,ecology+reputation+eco-growth,P20+P21+P25+P16+P17,3,3,partial_agreement,partial_agreement,2,2,3,P21+P25,True,1.0,P20+P25,True,1.0,0.0,6.0,7.333333333333333,6.0,0.0,8.666666666666666,8.666666666666666,0.0,0.8666666666666667,0,0,,4,coalition
Llama-3.1-8B-Instruct_v2_ERG_unequal_bargaining_seed0.json,Llama-3.1-8B-Instruct,ERG_unequal_bargaining,0,False,ecology+reputation+eco-growth,P16+P20+P21+P1+P13,3,3,non_agreement,non_agreement,3,3,3,infeasible_vote,False,,P16+P20,True,0.8181818181818182,,,6.0,2.0,,8.666666666666666,7.0,-1.6666666666666667,0.7407407407407407,0,0,,5,unequal_bargaining
Llama-3.1-8B-Instruct_v2_ERF_optimal_seed0.json,Llama-3.1-8B-Instruct,ERF_optimal,0,False,ecology+reputation+family,P20+P22+P26+P14+P18,3,3,non_agreement,non_agreement,3,3,3,P20+P22,True,1.0,P20+P22,True,1.0,0.0,6.0,7.333333333333333,6.0,0.0,10.0,6.0,-4.0,0.6,0,0,,6,optimal
Llama-3.1-8B-Instruct_v2_ERF_sub-optimal_seed0.json,Llama-3.1-8B-Instruct,ERF_sub-optimal,0,False,ecology+reputation+family,P16+P8+P17+P20+P22,3,3,non_agreement,partial_agreement,3,2,3,P20+P22,True,1.0,P20+P17,True,0.8181818181818182,-0.18181818181818177,6.0,6.0,6.0,0.0,10.0,6.0,-4.0,0.6,0,0,,7,sub-optimal
Llama-3.1-8B-Instruct_v2_ERF_impossible_seed0.json,Llama-3.1-8B-Instruct,ERF_impossible,0,False,ecology+reputation+family,P16+P8+P17+P14+P18,3,3,non_agreement,non_agreement,3,3,2,P17+P18,True,0.6666666666666667,P17+P18,True,0.6666666666666667,0.0,2.0,3.3333333333333335,2.0,0.0,6.0,6.0,0.0,0.9523809523809523,0,0,,8,impossible
Llama-3.1-8B-Instruct_v2_ERF_conflictual_seed0.json,Llama-3.1-8B-Instruct,ERF_conflictual,0,False,ecology+reputation+family,P16+P22+P8+P17+P14,3,3,non_agreement,partial_agreement,3,2,1,infeasible_vote,False,,P22+P17,True,0.9473684210526316,,,6.0,2.0,,8.666666666666666,7.333333333333333,-1.3333333333333333,0.8666666666666667,0,0,,9,conflictual
Llama-3.1-8B-Instruct_v2_ERF_coalition_seed0.json,Llama-3.1-8B-Instruct,ERF_coalition,0,False,ecology+reputation+family,P20+P22+P26+P16+P14,3,3,non_agreement,partial_agreement,3,2,3,P22+P26,True,1.0,P20+P22,True,1.0,0.0,6.0,7.333333333333333,6.0,0.0,10.0,7.333333333333333,-2.6666666666666665,0.7333333333333333,0,0,,10,coalition
Llama-3.1-8B-Instruct_v2_ERF_unequal_bargaining_seed0.json,Llama-3.1-8B-Instruct,ERF_unequal_bargaining,0,False,ecology+reputation+family,P16+P20+P22+P1+P11,3,3,non_agreement,partial_agreement,3,2,3,infeasible_vote,False,,P22+P1,True,0.9199999999999999,,,7.666666666666667,5.0,,9.333333333333334,8.0,-1.3333333333333333,0.8222222222222222,1,0,,11,unequal_bargaining
Llama-3.1-8B-Instruct_v2_ERQ_optimal_seed0.json,Llama-3.1-8B-Instruct,ERQ_optimal,0,False,ecology+reputation+egalitarian,P20+P23+P28+P14+P17,3,3,non_agreement,partial_agreement,3,2,3,P20+P23,True,1.0,P20+P23,True,1.0,0.0,6.0,7.333333333333333,6.0,0.0,10.0,6.0,-4.0,0.6,0,0,,12,optimal
Llama-3.1-8B-Instruct_v2_ERQ_sub-optimal_seed0.json,Llama-3.1-8B-Instruct,ERQ_sub-optimal,0,False,ecology+reputation+egalitarian,P16+P8+P18+P20+P23,3,3,non_agreement,partial_agreement,3,2,3,P20+P23,True,1.0,P20+P18,True,0.8181818181818182,-0.18181818181818177,6.0,6.0,6.0,0.0,10.0,6.0,-4.0,0.6,0,0,,13,sub-optimal
Llama-3.1-8B-Instruct_v2_ERQ_impossible_seed0.json,Llama-3.1-8B-Instruct,ERQ_impossible,0,False,ecology+reputation+egalitarian,P16+P8+P18+P14+P17,3,3,non_agreement,partial_agreement,3,2,3,P17+P18,True,0.7142857142857143,P18+P8,True,1.0,0.2857142857142857,2.0,4.666666666666667,2.0,0.0,6.0,6.0,0.0,1.0,0,0,,14,impossible
Llama-3.1-8B-Instruct_v2_ERQ_conflictual_seed0.json,Llama-3.1-8B-Instruct,ERQ_conflictual,0,False,ecology+reputation+egalitarian,P16+P23+P8+P18+P14,3,3,non_agreement,partial_agreement,3,2,2,infeasible_vote,False,,P23+P18,True,1.0,,,6.0,2.0,,8.666666666666666,7.333333333333333,-1.3333333333333333,0.8666666666666667,0,0,,15,conflictual
Llama-3.1-8B-Instruct_v2_ERQ_coalition_seed0.json,Llama-3.1-8B-Instruct,ERQ_coalition,0,False,ecology+reputation+egalitarian,P20+P23+P28+P16+P14,3,3,non_agreement,non_agreement,3,3,3,P23+P28,True,1.0,P16+P20,True,0.8181818181818182,-0.18181818181818177,6.0,6.0,2.0,-4.0,10.0,4.666666666666667,-5.333333333333333,0.4666666666666667,0,0,,16,coalition
Llama-3.1-8B-Instruct_v2_ERQ_unequal_bargaining_seed0.json,Llama-3.1-8B-Instruct,ERQ_unequal_bargaining,0,False,ecology+reputation+egalitarian,P16+P20+P23+P1+P24,3,3,non_agreement,non_agreement,3,3,3,infeasible_vote,False,,infeasible_vote,False,,,,,,,8.666666666666666,7.666666666666667,-1.0,0.7888888888888889,1,0,,17,unequal_bargaining
Llama-3.1-8B-Instruct_v2_EGF_optimal_seed0.json,Llama-3.1-8B-Instruct,EGF_optimal,0,False,ecology+eco-growth+family,P21+P22+P30+P8+P18,3,3,non_agreement,partial_agreement,3,2,3,P21+P22,True,1.0,P21+P18,True,0.6363636363636365,-0.36363636363636354,6.0,4.666666666666667,2.0,-4.0,8.666666666666666,6.0,-2.6666666666666665,0.6,0,0,,18,optimal
Llama-3.1-8B-Instruct_v2_EGF_sub-optimal_seed0.json,Llama-3.1-8B-Instruct,EGF_sub-optimal,0,False,ecology+eco-growth+family,P16+P14+P17+P21+P22,3,3,non_agreement,non_agreement,3,3,3,P21+P22,True,1.0,infeasible_vote,False,,,6.0,,,,10.0,7.333333333333333,-2.6666666666666665,0.7333333333333333,0,0,,19,sub-optimal
Llama-3.1-8B-Instruct_v2_EGF_impossible_seed0.json,Llama-3.1-8B-Instruct,EGF_impossible,0,False,ecology+eco-growth+family,P16+P14+P17+P8+P18,3,3,non_agreement,non_agreement,3,3,2,infeasible_vote,False,,P16+P17,True,1.0,,,4.666666666666667,2.0,,6.0,6.0,0.0,0.9047619047619048,0,0,,20,impossible
Llama-3.1-8B-Instruct_v2_EGF_conflictual_seed0.json,Llama-3.1-8B-Instruct,EGF_conflictual,0,False,ecology+eco-growth+family,P16+P22+P14+P17+P8,2,3,invalid_vote,non_agreement,2,3,1,infeasible_vote,False,,P17+P22,True,1.0,,,6.0,2.0,,10.0,8.666666666666666,0.0,0.9523809523809523,0,0,,21,conflictual
Llama-3.1-8B-Instruct_v2_EGF_coalition_seed0.json,Llama-3.1-8B-Instruct,EGF_coalition,0,False,ecology+eco-growth+family,P21+P22+P30+P16+P8,3,3,non_agreement,agreement,3,1,3,P21+P30,True,1.0,P21+P22,True,1.0,0.0,6.0,7.333333333333333,6.0,0.0,10.0,7.333333333333333,-2.6666666666666665,0.7333333333333333,0,0,,22,coalition
Llama-3.1-8B-Instruct_v2_EGF_unequal_bargaining_seed0.json,Llama-3.1-8B-Instruct,EGF_unequal_bargaining,0,False,ecology+eco-growth+family,P16+P21+P22+P13+P11,3,3,non_agreement,non_agreement,3,3,3,infeasible_vote,False,,P21+P22,True,1.0,,,7.333333333333333,6.0,,9.666666666666666,7.666666666666667,-2.0,0.7888888888888889,0,0,,23,unequal_bargaining
Llama-3.1-8B-Instruct_v2_EGQ_optimal_seed0.json,Llama-3.1-8B-Instruct,EGQ_optimal,0,False,ecology+eco-growth+egalitarian,P21+P23+P32+P8+P17,3,3,non_agreement,partial_agreement,3,2,2,P21+P23,True,1.0,P21+P32,True,1.0,0.0,6.0,7.333333333333333,6.0,0.0,10.0,7.333333333333333,-2.6666666666666665,0.7333333333333333,0,0,,24,optimal
Llama-3.1-8B-Instruct_v2_EGQ_sub-optimal_seed0.json,Llama-3.1-8B-Instruct,EGQ_sub-optimal,0,False,ecology+eco-growth+egalitarian,P16+P14+P18+P21+P23,3,3,non_agreement,partial_agreement,3,2,3,P21+P23,True,1.0,P21+P18,True,0.8181818181818182,-0.18181818181818177,6.0,6.0,6.0,0.0,10.0,4.666666666666667,-5.333333333333333,0.4666666666666667,0,0,,25,sub-optimal
Llama-3.1-8B-Instruct_v2_EGQ_impossible_seed0.json,Llama-3.1-8B-Instruct,EGQ_impossible,0,False,ecology+eco-growth+egalitarian,P16+P14+P18+P8+P17,3,3,non_agreement,non_agreement,3,3,3,P17+P18,True,0.7142857142857143,P16+P18,True,1.0,0.2857142857142857,2.0,4.666666666666667,2.0,0.0,6.0,6.0,0.0,0.9523809523809523,0,0,,26,impossible
Llama-3.1-8B-Instruct_v2_EGQ_conflictual_seed0.json,Llama-3.1-8B-Instruct,EGQ_conflictual,0,False,ecology+eco-growth+egalitarian,P16+P23+P14+P18+P8,3,3,non_agreement,non_agreement,3,3,3,P18+P23,True,1.0,P16+P23,True,1.0,0.0,2.0,6.0,2.0,0.0,8.666666666666666,6.0,-2.6666666666666665,0.6857142857142857,0,0,,27,conflictual
Llama-3.1-8B-Instruct_v2_EGQ_coalition_seed0.json,Llama-3.1-8B-Instruct,EGQ_coalition,0,False,ecology+eco-growth+egalitarian,P21+P23+P32+P16+P8,3,3,non_agreement,partial_agreement,3,2,1,P21+P32,True,1.0,P32+P21,True,1.0,0.0,6.0,7.333333333333333,6.0,0.0,10.0,8.666666666666666,-1.3333333333333333,0.8666666666666667,0,0,,28,coalition
Llama-3.1-8B-Instruct_v2_EGQ_unequal_bargaining_seed0.json,Llama-3.1-8B-Instruct,EGQ_unequal_bargaining,0,False,ecology+eco-growth+egalitarian,P16+P21+P23+P13+P24,3,3,non_agreement,non_agreement,3,3,3,infeasible_vote,False,,infeasible_vote,False,,,,,,,9.666666666666666,7.666666666666667,-2.0,0.7888888888888889,0,0,,29,unequal_bargaining
Llama-3.1-8B-Instruct_v2_EFQ_optimal_seed0.json,Llama-3.1-8B-Instruct,EFQ_optimal,0,False,ecology+family+egalitarian,P22+P23+P3+P8+P14,3,3,non_agreement,partial_agreement,3,2,2,P22+P23,True,1.0,P22+P3,True,0.9545454545454546,-0.045454545454545414,6.0,7.0,5.0,-1.0,9.666666666666666,7.333333333333333,-2.3333333333333335,0.7555555555555555,0,0,,30,optimal
Llama-3.1-8B-Instruct_v2_EFQ_sub-optimal_seed0.json,Llama-3.1-8B-Instruct,EFQ_sub-optimal,0,False,ecology+family+egalitarian,P16+P17+P18+P22+P23,3,3,non_agreement,partial_agreement,3,2,3,infeasible_vote,False,,P22+P18,True,0.8181818181818182,,,6.0,6.0,,10.0,6.0,-4.0,0.6,0,0,,31,sub-optimal
Llama-3.1-8B-Instruct_v2_EFQ_impossible_seed0.json,Llama-3.1-8B-Instruct,EFQ_impossible,0,False,ecology+family+egalitarian,P16+P17+P18+P8+P14,3,3,partial_agreement,non_agreement,2,3,2,P18+P17,True,1.0,P16+P17,True,1.0,0.0,2.0,4.666666666666667,2.0,0.0,6.0,6.0,0.0,0.9523809523809523,0,0,,32,impossible
Llama-3.1-8B-Instruct_v2_EFQ_conflictual_seed0.json,Llama-3.1-8B-Instruct,EFQ_conflictual,0,False,ecology+family+egalitarian,P16+P23+P17+P18+P8,3,3,non_agreement,partial_agreement,3,2,3,P18+P23,True,1.0,P23+P17,True,1.0,0.0,2.0,6.0,6.0,4.0,8.666666666666666,6.0,-2.6666666666666665,0.6857142857142857,0,0,,33,conflictual
Llama-3.1-8B-Instruct_v2_EFQ_coalition_seed0.json,Llama-3.1-8B-Instruct,EFQ_coalition,0,False,ecology+family+egalitarian,P22+P23+P3+P16+P8,3,3,non_agreement,non_agreement,3,3,3,P16+P22,True,0.8181818181818182,P16+P23,True,0.8181818181818182,0.0,2.0,6.0,2.0,0.0,8.666666666666666,8.333333333333334,-0.3333333333333333,0.8666666666666667,0,0,,34,coalition
Llama-3.1-8B-Instruct_v2_EFQ_unequal_bargaining_seed0.json,Llama-3.1-8B-Instruct,EFQ_unequal_bargaining,0,False,ecology+family+egalitarian,P16+P22+P23+P11+P24,3,3,non_agreement,partial_agreement,3,2,2,P23+P24,True,0.9166666666666666,P24+P23,True,0.9166666666666666,0.0,2.0,7.333333333333333,2.0,0.0,8.666666666666666,7.333333333333333,-1.3333333333333333,0.7333333333333334,1,0,,35,unequal_bargaining
Llama-3.1-8B-Instruct_v2_RGF_optimal_seed0.json,Llama-3.1-8B-Instruct,RGF_optimal,0,False,reputation+eco-growth+family,P25+P26+P30+P16+P18,3,3,non_agreement,non_agreement,3,3,3,P25+P26,True,1.0,P18+P25,True,0.6363636363636365,-0.36363636363636354,6.0,4.666666666666667,2.0,-4.0,10.0,6.0,-4.0,0.6,0,0,,36,optimal
Llama-3.1-8B-Instruct_v2_RGF_sub-optimal_seed0.json,Llama-3.1-8B-Instruct,RGF_sub-optimal,0,False,reputation+eco-growth+family,P8+P14+P17+P25+P26,3,3,non_agreement,partial_agreement,3,2,2,P25+P26,True,1.0,P17+P25,True,0.8181818181818182,-0.18181818181818177,6.0,6.0,6.0,0.0,10.0,7.333333333333333,-2.6666666666666665,0.7333333333333333,0,0,,37,sub-optimal
Llama-3.1-8B-Instruct_v2_RGF_impossible_seed0.json,Llama-3.1-8B-Instruct,RGF_impossible,0,False,reputation+eco-growth+family,P8+P14+P17+P16+P18,3,3,non_agreement,non_agreement,3,3,3,P17+P18,True,0.6250000000000001,infeasible_vote,False,,,2.0,,,,6.0,6.0,0.0,0.9047619047619048,0,0,,38,impossible
Llama-3.1-8B-Instruct_v2_RGF_conflictual_seed0.json,Llama-3.1-8B-Instruct,RGF_conflictual,0,False,reputation+eco-growth+family,P8+P26+P14+P17+P16,3,3,non_agreement,non_agreement,3,3,3,P17+P26,True,0.8999999999999999,infeasible_vote,False,,,2.0,,,,8.666666666666666,6.0,-2.6666666666666665,0.6857142857142857,0,0,,39,conflictual
Llama-3.1-8B-Instruct_v2_RGF_coalition_seed0.json,Llama-3.1-8B-Instruct,RGF_coalition,0,False,reputation+eco-growth+family,P25+P26+P30+P8+P16,3,3,non_agreement,partial_agreement,3,2,2,P25+P30,True,1.0,P25+P30,True,1.0,0.0,6.0,7.333333333333333,6.0,0.0,10.0,7.333333333333333,-2.6666666666666665,0.7333333333333333,0,0,,40,coalition
Llama-3.1-8B-Instruct_v2_RGF_unequal_bargaining_seed0.json,Llama-3.1-8B-Instruct,RGF_unequal_bargaining,0,False,reputation+eco-growth+family,P8+P25+P26+P2+P27,3,3,partial_agreement,partial_agreement,2,2,3,P2+P25,True,0.9545454545454546,P2+P26,True,0.9545454545454546,0.0,2.0,7.0,6.0,4.0,9.666666666666666,7.333333333333333,-2.3333333333333335,0.7333333333333333,0,0,,41,unequal_bargaining
Llama-3.1-8B-Instruct_v2_RGQ_optimal_seed0.json,Llama-3.1-8B-Instruct,RGQ_optimal,0,False,reputation+eco-growth+egalitarian,P25+P28+P32+P16+P17,3,3,non_agreement,agreement,3,1,2,P25+P28,True,1.0,P25+P32,True,1.0,0.0,6.0,7.333333333333333,6.0,0.0,10.0,7.333333333333333,-2.6666666666666665,0.7333333333333333,0,0,,42,optimal
Llama-3.1-8B-Instruct_v2_RGQ_sub-optimal_seed0.json,Llama-3.1-8B-Instruct,RGQ_sub-optimal,0,False,reputation+eco-growth+egalitarian,P8+P14+P18+P25+P28,3,3,non_agreement,partial_agreement,3,2,3,P25+P28,True,1.0,P25+P18,True,0.8181818181818182,-0.18181818181818177,6.0,6.0,6.0,0.0,10.0,6.0,-4.0,0.6,0,0,,43,sub-optimal
Llama-3.1-8B-Instruct_v2_RGQ_impossible_seed0.json,Llama-3.1-8B-Instruct,RGQ_impossible,0,False,reputation+eco-growth+egalitarian,P8+P14+P18+P16+P17,3,3,non_agreement,non_agreement,3,3,3,infeasible_vote,False,,infeasible_vote,False,,,,,,,6.0,4.666666666666667,-1.3333333333333333,0.7301587301587301,0,0,,44,impossible
Llama-3.1-8B-Instruct_v2_RGQ_conflictual_seed0.json,Llama-3.1-8B-Instruct,RGQ_conflictual,0,False,reputation+eco-growth+egalitarian,P8+P28+P14+P18+P16,3,3,non_agreement,non_agreement,3,3,3,P16+P28,True,0.736842105263158,infeasible_vote,False,,,2.0,,,,7.333333333333333,6.0,-1.3333333333333333,0.6857142857142857,0,0,,45,conflictual
Llama-3.1-8B-Instruct_v2_RGQ_coalition_seed0.json,Llama-3.1-8B-Instruct,RGQ_coalition,0,False,reputation+eco-growth+egalitarian,P25+P28+P32+P8+P16,3,3,non_agreement,non_agreement,3,3,2,P25+P28,True,1.0,P25+P28,True,1.0,0.0,6.0,7.333333333333333,6.0,0.0,10.0,7.333333333333333,-2.6666666666666665,0.7333333333333333,0,0,,46,coalition
Llama-3.1-8B-Instruct_v2_RGQ_unequal_bargaining_seed0.json,Llama-3.1-8B-Instruct,RGQ_unequal_bargaining,0,False,reputation+eco-growth+egalitarian,P8+P25+P28+P2+P29,3,3,non_agreement,non_agreement,3,3,3,P25+P28,True,1.0,P25+P28,True,1.0,0.0,6.0,7.333333333333333,6.0,0.0,10.0,7.333333333333333,-2.6666666666666665,0.7333333333333333,0,0,,47,unequal_bargaining
Llama-3.1-8B-Instruct_v2_RFQ_optimal_seed0.json,Llama-3.1-8B-Instruct,RFQ_optimal,0,False,reputation+family+egalitarian,P26+P28+P3+P16+P14,3,3,non_agreement,agreement,3,1,2,P26+P28,True,1.0,P26+P3,True,0.9545454545454546,-0.045454545454545414,6.0,7.0,5.0,-1.0,9.666666666666666,7.0,-2.6666666666666665,0.7185185185185186,0,0,,48,optimal
Llama-3.1-8B-Instruct_v2_RFQ_sub-optimal_seed0.json,Llama-3.1-8B-Instruct,RFQ_sub-optimal,0,False,reputation+family+egalitarian,P8+P17+P18+P26+P28,3,3,non_agreement,agreement,3,1,3,P26+P28,True,1.0,P18+P26,True,0.8181818181818182,-0.18181818181818177,6.0,6.0,6.0,0.0,10.0,6.0,-4.0,0.6,0,0,,49,sub-optimal
Llama-3.1-8B-Instruct_v2_RFQ_impossible_seed0.json,Llama-3.1-8B-Instruct,RFQ_impossible,0,False,reputation+family+egalitarian,P8+P17+P18+P16+P14,3,3,non_agreement,non_agreement,3,3,3,P16+P18,True,0.6666666666666667,infeasible_vote,False,,,2.0,,,,6.0,6.0,0.0,0.9523809523809523,0,0,,50,impossible
Llama-3.1-8B-Instruct_v2_RFQ_conflictual_seed0.json,Llama-3.1-8B-Instruct,RFQ_conflictual,0,False,reputation+family+egalitarian,P8+P28+P17+P18+P16,3,3,non_agreement,partial_agreement,3,2,3,P18+P28,True,0.9473684210526316,P28+P18,True,0.9473684210526316,0.0,2.0,6.0,2.0,0.0,7.333333333333333,4.666666666666667,-2.6666666666666665,0.4952380952380952,0,0,,51,conflictual
Llama-3.1-8B-Instruct_v2_RFQ_coalition_seed0.json,Llama-3.1-8B-Instruct,RFQ_coalition,0,False,reputation+family+egalitarian,P26+P28+P3+P8+P16,3,3,non_agreement,non_agreement,3,3,3,P26+P28,True,1.0,P26+P28,True,1.0,0.0,6.0,7.333333333333333,6.0,0.0,9.666666666666666,6.0,-3.6666666666666665,0.6222222222222222,0,0,,52,coalition
Llama-3.1-8B-Instruct_v2_RFQ_unequal_bargaining_seed0.json,Llama-3.1-8B-Instruct,RFQ_unequal_bargaining,0,False,reputation+family+egalitarian,P8+P26+P28+P27+P29,3,3,non_agreement,partial_agreement,3,2,2,P27+P28,True,1.0,P29+P28,True,1.0,0.0,6.0,7.333333333333333,2.0,-4.0,10.0,8.666666666666666,-1.3333333333333333,0.8666666666666667,1,0,,53,unequal_bargaining
Llama-3.1-8B-Instruct_v2_GFQ_optimal_seed0.json,Llama-3.1-8B-Instruct,GFQ_optimal,0,False,eco-growth+family+egalitarian,P30+P32+P3+P16+P8,3,3,partial_agreement,partial_agreement,2,2,1,P32+P3,True,1.0,P32+P3,True,1.0,0.0,6.0,7.333333333333333,6.0,0.0,8.333333333333334,7.0,-1.3333333333333333,0.7333333333333333,0,0,,54,optimal
Llama-3.1-8B-Instruct_v2_GFQ_sub-optimal_seed0.json,Llama-3.1-8B-Instruct,GFQ_sub-optimal,0,False,eco-growth+family+egalitarian,P14+P17+P18+P30+P32,3,3,non_agreement,non_agreement,3,3,2,infeasible_vote,False,,P18+P32,True,0.8181818181818182,,,6.0,2.0,,10.0,7.333333333333333,-2.6666666666666665,0.7333333333333333,0,0,,55,sub-optimal
Llama-3.1-8B-Instruct_v2_GFQ_impossible_seed0.json,Llama-3.1-8B-Instruct,GFQ_impossible,0,False,eco-growth+family+egalitarian,P14+P17+P18+P16+P8,3,3,non_agreement,non_agreement,3,3,3,P16+P18,True,0.7142857142857143,infeasible_vote,False,,,2.0,,,,6.0,4.666666666666667,-1.3333333333333333,0.7142857142857143,0,0,,56,impossible
Llama-3.1-8B-Instruct_v2_GFQ_conflictual_seed0.json,Llama-3.1-8B-Instruct,GFQ_conflictual,0,False,eco-growth+family+egalitarian,P14+P32+P17+P18+P16,3,3,non_agreement,partial_agreement,3,2,2,P18+P32,True,1.0,P32+P18,True,1.0,0.0,2.0,6.0,2.0,0.0,8.666666666666666,7.333333333333333,-1.3333333333333333,0.8666666666666667,0,0,,57,conflictual
Llama-3.1-8B-Instruct_v2_GFQ_coalition_seed0.json,Llama-3.1-8B-Instruct,GFQ_coalition,0,False,eco-growth+family+egalitarian,P30+P32+P3+P14+P16,3,3,non_agreement,non_agreement,3,3,3,P3+P32,True,1.0,infeasible_vote,False,,,6.0,,,,9.666666666666666,7.333333333333333,-2.3333333333333335,0.7555555555555555,0,0,,58,coalition
Llama-3.1-8B-Instruct_v2_GFQ_unequal_bargaining_seed0.json,Llama-3.1-8B-Instruct,GFQ_unequal_bargaining,0,False,eco-growth+family+egalitarian,P14+P30+P32+P31+P9,3,3,agreement,non_agreement,1,3,2,P31+P32,True,1.0,infeasible_vote,False,,,6.0,,,,7.333333333333333,7.0,-0.3333333333333333,0.7185185185185186,0,0,,59,unequal_bargaining
